size;shuffle_rate;pivot_function;experiment;time
100000000;0.05;random_pos;0;474.875
100000000;0.05;random_pos;1;468.765625
100000000;0.05;random_pos;2;471.921875
100000000;0.05;random_pos;3;487.609375
100000000;0.05;random_pos;4;474.046875
100000000;0.05;random_pos;5;469.71875
100000000;0.05;random_pos;6;469.59375
100000000;0.05;random_pos;7;464.734375
100000000;0.05;random_pos;8;371.953125
100000000;0.05;random_pos;9;93.609375
