size;shuffle_rate;pivot_function;experiment;time
100000;0.05;first_pos;0;0.21875
100000;0.05;first_pos;1;0.21875
100000;0.05;first_pos;2;0.203125
100000;0.05;first_pos;3;0.234375
100000;0.05;first_pos;4;0.21875
100000;0.05;first_pos;5;0.203125
100000;0.05;first_pos;6;0.21875
100000;0.05;first_pos;7;0.203125
100000;0.05;first_pos;8;0.203125
100000;0.05;first_pos;9;0.171875
