size;shuffle_rate;pivot_function;experiment;time
100000000;0.05;first_pos;0;382.9375
100000000;0.05;first_pos;1;367.234375
100000000;0.05;first_pos;2;379.234375
100000000;0.05;first_pos;3;347.03125
100000000;0.05;first_pos;4;516.765625
100000000;0.05;first_pos;5;428.53125
100000000;0.05;first_pos;6;414.75
100000000;0.05;first_pos;7;371.5625
100000000;0.05;first_pos;8;456.46875
100000000;0.05;first_pos;9;375.5
