size;shuffle_rate;pivot_function;experiment;time
1000000;0.05;median;0;1.1875
1000000;0.05;median;1;1.21875
1000000;0.05;median;2;1.21875
1000000;0.05;median;3;1.203125
1000000;0.05;median;4;1.265625
1000000;0.05;median;5;1.203125
1000000;0.05;median;6;1.25
1000000;0.05;median;7;1.25
1000000;0.05;median;8;1.15625
1000000;0.05;median;9;1.171875
