size;shuffle_rate;pivot_function;experiment;time
100000000;0.25;random_pos;0;511.265625
100000000;0.25;random_pos;1;516.765625
100000000;0.25;random_pos;2;512.75
100000000;0.25;random_pos;3;520.3125
100000000;0.25;random_pos;4;517.5
100000000;0.25;random_pos;5;519.328125
100000000;0.25;random_pos;6;519.890625
100000000;0.25;random_pos;7;532.25
100000000;0.25;random_pos;8;512.25
100000000;0.25;random_pos;9;530.3125
