size;shuffle_rate;pivot_function;experiment;time
100000000;0.25;median;0;201.21875
100000000;0.25;median;1;205.296875
100000000;0.25;median;2;204.125
100000000;0.25;median;3;200.890625
100000000;0.25;median;4;200.875
100000000;0.25;median;5;199.59375
100000000;0.25;median;6;198.09375
100000000;0.25;median;7;214.796875
100000000;0.25;median;8;202.75
100000000;0.25;median;9;215.015625
