size;shuffle_rate;pivot_function;experiment;time
100000000;0.25;middle_pos;0;188.578125
100000000;0.25;middle_pos;1;187.78125
100000000;0.25;middle_pos;2;187.109375
100000000;0.25;middle_pos;3;185.625
100000000;0.25;middle_pos;4;184.84375
100000000;0.25;middle_pos;5;190.296875
100000000;0.25;middle_pos;6;189.109375
100000000;0.25;middle_pos;7;188.796875
100000000;0.25;middle_pos;8;189.625
100000000;0.25;middle_pos;9;189.390625
