size;shuffle_rate;pivot_function;experiment;time
1000000;0.25;mean;0;11.96875
1000000;0.25;mean;1;12.015625
1000000;0.25;mean;2;12.0
1000000;0.25;mean;3;11.78125
1000000;0.25;mean;4;11.890625
1000000;0.25;mean;5;12.09375
1000000;0.25;mean;6;12.0
1000000;0.25;mean;7;12.03125
1000000;0.25;mean;8;12.109375
1000000;0.25;mean;9;12.0625
