size;shuffle_rate;pivot_function;experiment;time
10000000;0.25;first_pos;0;22.84375
10000000;0.25;first_pos;1;21.453125
10000000;0.25;first_pos;2;24.421875
10000000;0.25;first_pos;3;20.5625
10000000;0.25;first_pos;4;29.15625
10000000;0.25;first_pos;5;20.125
10000000;0.25;first_pos;6;21.8125
10000000;0.25;first_pos;7;21.40625
10000000;0.25;first_pos;8;23.203125
10000000;0.25;first_pos;9;21.203125
