size;shuffle_rate;pivot_function;experiment;time
10000;0.45;mean;0;0.109375
10000;0.45;mean;1;0.0625
10000;0.45;mean;2;0.09375
10000;0.45;mean;3;0.109375
10000;0.45;mean;4;0.09375
10000;0.45;mean;5;0.109375
10000;0.45;mean;6;0.109375
10000;0.45;mean;7;0.078125
10000;0.45;mean;8;0.078125
10000;0.45;mean;9;0.109375
