size;shuffle_rate;pivot_function;experiment;time
100000;0.45;mean;0;1.078125
100000;0.45;mean;1;1.171875
100000;0.45;mean;2;1.1875
100000;0.45;mean;3;1.125
100000;0.45;mean;4;1.15625
100000;0.45;mean;5;1.109375
100000;0.45;mean;6;1.15625
100000;0.45;mean;7;1.171875
100000;0.45;mean;8;1.15625
100000;0.45;mean;9;1.15625
