size;shuffle_rate;pivot_function;experiment;time
1000000;0.05;random_pos;0;4.359375
1000000;0.05;random_pos;1;4.28125
1000000;0.05;random_pos;2;4.28125
1000000;0.05;random_pos;3;4.359375
1000000;0.05;random_pos;4;4.328125
1000000;0.05;random_pos;5;4.34375
1000000;0.05;random_pos;6;4.265625
1000000;0.05;random_pos;7;4.359375
1000000;0.05;random_pos;8;4.25
1000000;0.05;random_pos;9;4.359375
