size;shuffle_rate;pivot_function;experiment;time
1000000;0.05;first_pos;0;3.0625
1000000;0.05;first_pos;1;3.234375
1000000;0.05;first_pos;2;2.640625
1000000;0.05;first_pos;3;3.859375
1000000;0.05;first_pos;4;2.453125
1000000;0.05;first_pos;5;2.671875
1000000;0.05;first_pos;6;2.84375
1000000;0.05;first_pos;7;2.453125
1000000;0.05;first_pos;8;3.1875
1000000;0.05;first_pos;9;2.46875
