size;shuffle_rate;pivot_function;experiment;time
100000000;0.45;first_pos;0;294.578125
100000000;0.45;first_pos;1;278.40625
100000000;0.45;first_pos;2;305.484375
100000000;0.45;first_pos;3;292.28125
100000000;0.45;first_pos;4;265.671875
100000000;0.45;first_pos;5;294.9375
100000000;0.45;first_pos;6;302.46875
100000000;0.45;first_pos;7;271.234375
100000000;0.45;first_pos;8;267.96875
100000000;0.45;first_pos;9;267.53125
