size;shuffle_rate;pivot_function;experiment;time
10000000;0.25;mean;0;127.96875
10000000;0.25;mean;1;127.140625
10000000;0.25;mean;2;126.15625
10000000;0.25;mean;3;126.46875
10000000;0.25;mean;4;126.28125
10000000;0.25;mean;5;126.390625
10000000;0.25;mean;6;125.75
10000000;0.25;mean;7;125.625
10000000;0.25;mean;8;125.5
10000000;0.25;mean;9;126.484375
