size;shuffle_rate;pivot_function;experiment;time
1000000;0.45;mean;0;11.984375
1000000;0.45;mean;1;12.171875
1000000;0.45;mean;2;12.359375
1000000;0.45;mean;3;12.25
1000000;0.45;mean;4;12.171875
1000000;0.45;mean;5;12.09375
1000000;0.45;mean;6;12.03125
1000000;0.45;mean;7;12.0
1000000;0.45;mean;8;12.078125
1000000;0.45;mean;9;12.1875
