size;shuffle_rate;pivot_function;experiment;time
100000000;0.45;random_pos;0;498.796875
100000000;0.45;random_pos;1;316.015625
100000000;0.45;random_pos;2;81.25
100000000;0.45;random_pos;3;369.40625
100000000;0.45;random_pos;4;522.46875
100000000;0.45;random_pos;5;524.625
100000000;0.45;random_pos;6;545.984375
100000000;0.45;random_pos;7;518.859375
100000000;0.45;random_pos;8;523.0625
100000000;0.45;random_pos;9;514.875
