size;shuffle_rate;pivot_function;experiment;time
100000000;0.45;middle_pos;0;222.09375
100000000;0.45;middle_pos;1;222.375
100000000;0.45;middle_pos;2;222.34375
100000000;0.45;middle_pos;3;223.390625
100000000;0.45;middle_pos;4;221.296875
100000000;0.45;middle_pos;5;224.71875
100000000;0.45;middle_pos;6;222.40625
100000000;0.45;middle_pos;7;227.046875
100000000;0.45;middle_pos;8;220.28125
100000000;0.45;middle_pos;9;222.0
