size;shuffle_rate;pivot_function;experiment;time
10000000;0.05;mean;0;120.875
10000000;0.05;mean;1;120.015625
10000000;0.05;mean;2;121.21875
10000000;0.05;mean;3;120.3125
10000000;0.05;mean;4;120.84375
10000000;0.05;mean;5;120.09375
10000000;0.05;mean;6;119.828125
10000000;0.05;mean;7;119.96875
10000000;0.05;mean;8;121.40625
10000000;0.05;mean;9;118.71875
