size;shuffle_rate;pivot_function;experiment;time
100000000;0.45;mean;0;1379.375
100000000;0.45;mean;1;1406.796875
100000000;0.45;mean;2;1415.03125
100000000;0.45;mean;3;1442.734375
100000000;0.45;mean;4;1427.796875
100000000;0.45;mean;5;1427.890625
100000000;0.45;mean;6;1419.65625
100000000;0.45;mean;7;1444.578125
100000000;0.45;mean;8;1435.625
100000000;0.45;mean;9;1438.0
