size;shuffle_rate;pivot_function;experiment;time
10000000;0.45;random_pos;0;49.765625
10000000;0.45;random_pos;1;48.265625
10000000;0.45;random_pos;2;48.921875
10000000;0.45;random_pos;3;48.9375
10000000;0.45;random_pos;4;48.5
10000000;0.45;random_pos;5;48.375
10000000;0.45;random_pos;6;50.1875
10000000;0.45;random_pos;7;49.828125
10000000;0.45;random_pos;8;48.953125
10000000;0.45;random_pos;9;48.6875
