size;shuffle_rate;pivot_function;experiment;time
100000000;0.05;median;0;152.515625
100000000;0.05;median;1;148.890625
100000000;0.05;median;2;149.53125
100000000;0.05;median;3;148.96875
100000000;0.05;median;4;148.265625
100000000;0.05;median;5;148.21875
100000000;0.05;median;6;150.8125
100000000;0.05;median;7;149.359375
100000000;0.05;median;8;153.171875
100000000;0.05;median;9;150.125
