size;shuffle_rate;pivot_function;experiment;time
100000;0.05;middle_pos;0;0.09375
100000;0.05;middle_pos;1;0.09375
100000;0.05;middle_pos;2;0.078125
100000;0.05;middle_pos;3;0.0625
100000;0.05;middle_pos;4;0.078125
100000;0.05;middle_pos;5;0.078125
100000;0.05;middle_pos;6;0.078125
100000;0.05;middle_pos;7;0.09375
100000;0.05;middle_pos;8;0.09375
100000;0.05;middle_pos;9;0.109375
