size;shuffle_rate;pivot_function;experiment;time
10000000;0.45;mean;0;132.171875
10000000;0.45;mean;1;130.21875
10000000;0.45;mean;2;130.875
10000000;0.45;mean;3;129.921875
10000000;0.45;mean;4;130.78125
10000000;0.45;mean;5;131.09375
10000000;0.45;mean;6;131.59375
10000000;0.45;mean;7;130.03125
10000000;0.45;mean;8;130.90625
10000000;0.45;mean;9;130.390625
