size;shuffle_rate;pivot_function;experiment;time
100000;0.05;median;0;0.09375
100000;0.05;median;1;0.0625
100000;0.05;median;2;0.09375
100000;0.05;median;3;0.09375
100000;0.05;median;4;0.078125
100000;0.05;median;5;0.09375
100000;0.05;median;6;0.09375
100000;0.05;median;7;0.09375
100000;0.05;median;8;0.09375
100000;0.05;median;9;0.046875
