size;shuffle_rate;pivot_function;experiment;time
10000000;0.05;middle_pos;0;12.1875
10000000;0.05;middle_pos;1;12.125
10000000;0.05;middle_pos;2;12.125
10000000;0.05;middle_pos;3;12.203125
10000000;0.05;middle_pos;4;12.53125
10000000;0.05;middle_pos;5;11.9375
10000000;0.05;middle_pos;6;12.109375
10000000;0.05;middle_pos;7;12.203125
10000000;0.05;middle_pos;8;12.4375
10000000;0.05;middle_pos;9;12.265625
