size;shuffle_rate;pivot_function;experiment;time
100000;0.05;mean;0;1.0625
100000;0.05;mean;1;1.125
100000;0.05;mean;2;1.171875
100000;0.05;mean;3;1.171875
100000;0.05;mean;4;1.140625
100000;0.05;mean;5;1.09375
100000;0.05;mean;6;1.125
100000;0.05;mean;7;1.15625
100000;0.05;mean;8;1.171875
100000;0.05;mean;9;1.109375
