size;shuffle_rate;pivot_function;experiment;time
100000000;0.05;mean;0;341.4375
100000000;0.05;mean;1;737.609375
100000000;0.05;mean;2;1272.796875
100000000;0.05;mean;3;1282.578125
100000000;0.05;mean;4;1265.296875
100000000;0.05;mean;5;1275.34375
100000000;0.05;mean;6;1247.140625
100000000;0.05;mean;7;1210.828125
100000000;0.05;mean;8;311.90625
100000000;0.05;mean;9;787.90625
