size;shuffle_rate;pivot_function;experiment;time
1000000;0.05;mean;0;11.609375
1000000;0.05;mean;1;11.625
1000000;0.05;mean;2;11.65625
1000000;0.05;mean;3;11.8125
1000000;0.05;mean;4;11.6875
1000000;0.05;mean;5;11.890625
1000000;0.05;mean;6;11.640625
1000000;0.05;mean;7;11.65625
1000000;0.05;mean;8;11.546875
1000000;0.05;mean;9;11.796875
