size;shuffle_rate;pivot_function;experiment;time
100000;0.25;median;0;0.109375
100000;0.25;median;1;0.140625
100000;0.25;median;2;0.109375
100000;0.25;median;3;0.03125
100000;0.25;median;4;0.109375
100000;0.25;median;5;0.078125
100000;0.25;median;6;0.09375
100000;0.25;median;7;0.125
100000;0.25;median;8;0.140625
100000;0.25;median;9;0.125
