size;shuffle_rate;pivot_function;experiment;time
1000000;0.25;middle_pos;0;1.28125
1000000;0.25;middle_pos;1;1.296875
1000000;0.25;middle_pos;2;1.3125
1000000;0.25;middle_pos;3;1.28125
1000000;0.25;middle_pos;4;1.34375
1000000;0.25;middle_pos;5;1.34375
1000000;0.25;middle_pos;6;1.34375
1000000;0.25;middle_pos;7;1.296875
1000000;0.25;middle_pos;8;1.359375
1000000;0.25;middle_pos;9;1.3125
