size;shuffle_rate;pivot_function;experiment;time
10000000;0.05;first_pos;0;34.1875
10000000;0.05;first_pos;1;38.359375
10000000;0.05;first_pos;2;30.953125
10000000;0.05;first_pos;3;30.578125
10000000;0.05;first_pos;4;28.90625
10000000;0.05;first_pos;5;29.515625
10000000;0.05;first_pos;6;39.859375
10000000;0.05;first_pos;7;34.015625
10000000;0.05;first_pos;8;36.75
10000000;0.05;first_pos;9;35.234375
