size;shuffle_rate;pivot_function;experiment;time
10000000;0.05;median;0;13.234375
10000000;0.05;median;1;13.375
10000000;0.05;median;2;13.1875
10000000;0.05;median;3;13.109375
10000000;0.05;median;4;13.390625
10000000;0.05;median;5;13.484375
10000000;0.05;median;6;13.671875
10000000;0.05;median;7;13.34375
10000000;0.05;median;8;13.484375
10000000;0.05;median;9;13.515625
