size;shuffle_rate;pivot_function;experiment;time
100000;0.45;median;0;0.125
100000;0.45;median;1;0.125
100000;0.45;median;2;0.125
100000;0.45;median;3;0.125
100000;0.45;median;4;0.140625
100000;0.45;median;5;0.140625
100000;0.45;median;6;0.125
100000;0.45;median;7;0.125
100000;0.45;median;8;0.125
100000;0.45;median;9;0.140625
