size;shuffle_rate;pivot_function;experiment;time
10000000;0.25;acha_pivo;0;40.4375
10000000;0.25;acha_pivo;1;33.78125
10000000;0.25;acha_pivo;2;39.65625
10000000;0.25;acha_pivo;3;34.875
10000000;0.25;acha_pivo;4;37.234375
10000000;0.25;acha_pivo;5;32.203125
10000000;0.25;acha_pivo;6;41.203125
10000000;0.25;acha_pivo;7;34.671875
10000000;0.25;acha_pivo;8;31.6875
10000000;0.25;acha_pivo;9;36.75
