size;shuffle_rate;pivot_function;experiment;time
1000000;0.25;median;0;1.34375
1000000;0.25;median;1;1.453125
1000000;0.25;median;2;1.375
1000000;0.25;median;3;1.4375
1000000;0.25;median;4;1.390625
1000000;0.25;median;5;1.390625
1000000;0.25;median;6;1.4375
1000000;0.25;median;7;1.4375
1000000;0.25;median;8;1.40625
1000000;0.25;median;9;1.421875
