size;shuffle_rate;pivot_function;experiment;time
10000000;0.05;acha_pivo;0;96.96875
10000000;0.05;acha_pivo;1;133.078125
10000000;0.05;acha_pivo;2;111.96875
10000000;0.05;acha_pivo;3;112.0
10000000;0.05;acha_pivo;4;107.359375
10000000;0.05;acha_pivo;5;123.125
10000000;0.05;acha_pivo;6;134.875
10000000;0.05;acha_pivo;7;108.015625
10000000;0.05;acha_pivo;8;110.71875
10000000;0.05;acha_pivo;9;89.46875
