size;shuffle_rate;pivot_function;experiment;time
100000000;0.25;first_pos;0;259.234375
100000000;0.25;first_pos;1;255.84375
100000000;0.25;first_pos;2;271.375
100000000;0.25;first_pos;3;262.3125
100000000;0.25;first_pos;4;264.671875
100000000;0.25;first_pos;5;257.21875
100000000;0.25;first_pos;6;295.15625
100000000;0.25;first_pos;7;262.21875
100000000;0.25;first_pos;8;262.921875
100000000;0.25;first_pos;9;264.71875
