size;shuffle_rate;pivot_function;experiment;time
100000000;0.45;acha_pivo;0;340.9375
100000000;0.45;acha_pivo;1;406.265625
100000000;0.45;acha_pivo;2;382.59375
100000000;0.45;acha_pivo;3;430.78125
100000000;0.45;acha_pivo;4;355.71875
100000000;0.45;acha_pivo;5;363.390625
100000000;0.45;acha_pivo;6;455.9375
100000000;0.45;acha_pivo;7;391.890625
100000000;0.45;acha_pivo;8;337.046875
100000000;0.45;acha_pivo;9;358.890625
