size;shuffle_rate;pivot_function;experiment;time
10000000;0.45;first_pos;0;23.453125
10000000;0.45;first_pos;1;21.78125
10000000;0.45;first_pos;2;22.296875
10000000;0.45;first_pos;3;22.140625
10000000;0.45;first_pos;4;25.265625
10000000;0.45;first_pos;5;21.3125
10000000;0.45;first_pos;6;23.171875
10000000;0.45;first_pos;7;22.296875
10000000;0.45;first_pos;8;25.078125
10000000;0.45;first_pos;9;23.0
