size;shuffle_rate;pivot_function;experiment;time
10000000;0.25;median;0;16.875
10000000;0.25;median;1;17.296875
10000000;0.25;median;2;16.8125
10000000;0.25;median;3;17.171875
10000000;0.25;median;4;16.96875
10000000;0.25;median;5;16.65625
10000000;0.25;median;6;16.890625
10000000;0.25;median;7;17.359375
10000000;0.25;median;8;17.0625
10000000;0.25;median;9;17.21875
