size;shuffle_rate;pivot_function;experiment;time
100000000;0.25;mean;0;1399.8125
100000000;0.25;mean;1;1398.90625
100000000;0.25;mean;2;1401.609375
100000000;0.25;mean;3;1398.765625
100000000;0.25;mean;4;1393.15625
100000000;0.25;mean;5;1394.984375
100000000;0.25;mean;6;1399.1875
100000000;0.25;mean;7;1402.640625
100000000;0.25;mean;8;1397.421875
100000000;0.25;mean;9;1397.46875
