size;shuffle_rate;pivot_function;experiment;time
10000000;0.45;acha_pivo;0;28.359375
10000000;0.45;acha_pivo;1;26.421875
10000000;0.45;acha_pivo;2;26.96875
10000000;0.45;acha_pivo;3;25.9375
10000000;0.45;acha_pivo;4;28.765625
10000000;0.45;acha_pivo;5;27.28125
10000000;0.45;acha_pivo;6;29.953125
10000000;0.45;acha_pivo;7;31.6875
10000000;0.45;acha_pivo;8;30.5
10000000;0.45;acha_pivo;9;26.09375
