size;shuffle_rate;pivot_function;experiment;time
10000000;0.45;median;0;19.21875
10000000;0.45;median;1;19.078125
10000000;0.45;median;2;20.25
10000000;0.45;median;3;19.390625
10000000;0.45;median;4;19.25
10000000;0.45;median;5;19.4375
10000000;0.45;median;6;18.9375
10000000;0.45;median;7;19.5625
10000000;0.45;median;8;18.8125
10000000;0.45;median;9;19.109375
