size;shuffle_rate;pivot_function;experiment;time
1000000;0.45;median;0;1.5
1000000;0.45;median;1;1.5625
1000000;0.45;median;2;1.546875
1000000;0.45;median;3;1.734375
1000000;0.45;median;4;1.578125
1000000;0.45;median;5;1.609375
1000000;0.45;median;6;1.609375
1000000;0.45;median;7;1.578125
1000000;0.45;median;8;1.609375
1000000;0.45;median;9;1.578125
