size;shuffle_rate;pivot_function;experiment;time
100000000;0.05;middle_pos;0;137.3125
100000000;0.05;middle_pos;1;139.15625
100000000;0.05;middle_pos;2;143.640625
100000000;0.05;middle_pos;3;139.0
100000000;0.05;middle_pos;4;139.28125
100000000;0.05;middle_pos;5;138.84375
100000000;0.05;middle_pos;6;137.921875
100000000;0.05;middle_pos;7;138.546875
100000000;0.05;middle_pos;8;136.734375
100000000;0.05;middle_pos;9;138.265625
