size;shuffle_rate;pivot_function;experiment;time
100000000;0.25;acha_pivo;0;470.4375
100000000;0.25;acha_pivo;1;483.3125
100000000;0.25;acha_pivo;2;430.953125
100000000;0.25;acha_pivo;3;587.546875
100000000;0.25;acha_pivo;4;471.0625
100000000;0.25;acha_pivo;5;514.09375
100000000;0.25;acha_pivo;6;537.359375
100000000;0.25;acha_pivo;7;561.828125
100000000;0.25;acha_pivo;8;468.078125
100000000;0.25;acha_pivo;9;534.75
