size;shuffle_rate;pivot_function;experiment;time
10000;0.05;first_pos;0;0.015625
10000;0.05;first_pos;1;0.015625
10000;0.05;first_pos;2;0.0
10000;0.05;first_pos;3;0.015625
10000;0.05;first_pos;4;0.0
10000;0.05;first_pos;5;0.0
10000;0.05;first_pos;6;0.015625
10000;0.05;first_pos;7;0.015625
10000;0.05;first_pos;8;0.015625
10000;0.05;first_pos;9;0.0
