size;shuffle_rate;pivot_function;experiment;time
100000000;0.05;acha_pivo;0;1397.71875
100000000;0.05;acha_pivo;1;1376.5
100000000;0.05;acha_pivo;2;1243.34375
100000000;0.05;acha_pivo;3;1242.59375
100000000;0.05;acha_pivo;4;1714.359375
100000000;0.05;acha_pivo;5;1378.46875
100000000;0.05;acha_pivo;6;1620.125
100000000;0.05;acha_pivo;7;1427.609375
100000000;0.05;acha_pivo;8;1321.3125
100000000;0.05;acha_pivo;9;1433.40625
