size;shuffle_rate;pivot_function;experiment;time
100000000;0.45;median;0;231.59375
100000000;0.45;median;1;231.421875
100000000;0.45;median;2;240.296875
100000000;0.45;median;3;231.96875
100000000;0.45;median;4;239.375
100000000;0.45;median;5;210.0
100000000;0.45;median;6;206.625
100000000;0.45;median;7;203.4375
100000000;0.45;median;8;228.015625
100000000;0.45;median;9;227.6875
