size;shuffle_rate;pivot_function;experiment;time
100000;0.25;mean;0;1.015625
100000;0.25;mean;1;1.15625
100000;0.25;mean;2;1.125
100000;0.25;mean;3;1.140625
100000;0.25;mean;4;1.15625
100000;0.25;mean;5;1.1875
100000;0.25;mean;6;1.171875
100000;0.25;mean;7;1.125
100000;0.25;mean;8;1.1875
100000;0.25;mean;9;1.125
