size;shuffle_rate;pivot_function;experiment;time
100000;0.45;first_pos;0;0.140625
100000;0.45;first_pos;1;0.15625
100000;0.45;first_pos;2;0.140625
100000;0.45;first_pos;3;0.140625
100000;0.45;first_pos;4;0.15625
100000;0.45;first_pos;5;0.140625
100000;0.45;first_pos;6;0.078125
100000;0.45;first_pos;7;0.109375
100000;0.45;first_pos;8;0.15625
100000;0.45;first_pos;9;0.140625
